round,acc,bytes_up,bytes_down,round_time,active_clients,seed,secure_mode,num_clients,dropout_prob
1,0.6751269102096558,21780,21780,10.327013731002808,5,42,none,8,0.3
2,0.682741105556488,21780,21780,0.511646032333374,5,42,none,8,0.3
3,0.682741105556488,21780,21780,0.49746203422546387,5,42,none,8,0.3
4,0.682741105556488,21780,21780,0.47164058685302734,5,42,none,8,0.3
5,0.682741105556488,21780,21780,0.5140902996063232,5,42,none,8,0.3
