round,bytes_up,bytes_down,server_acc,active_clients
1,41600,41600,0.79,8
2,41600,41600,0.79,8
3,41600,41600,0.8,8
4,41600,41600,0.8066666666666666,8
5,41600,41600,0.78,8
6,41600,41600,0.8,8
7,41600,41600,0.7566666666666667,8
8,41600,41600,0.74,8
9,41600,41600,0.7666666666666667,8
10,41600,41600,0.7866666666666666,8
