round,bytes_up,bytes_down,server_acc,active_clients
1,26000,26000,0.7666666666666667,5
2,31200,31200,0.79,6
3,26000,26000,0.78,5
4,26000,26000,0.79,5
5,36400,36400,0.8,7
6,26000,26000,0.7866666666666666,5
7,26000,26000,0.7466666666666667,5
8,36400,36400,0.7666666666666667,7
9,31200,31200,0.7733333333333333,6
10,26000,26000,0.7833333333333333,5
