round,acc,bytes_up,bytes_down,round_time,active_clients,seed,secure_mode,num_clients,dropout_prob
1,0.6167512536048889,21780,21780,9.765197515487671,5,42,mask,8,0.3
2,0.682741105556488,21780,21780,0.530463457107544,5,42,mask,8,0.3
3,0.682741105556488,21780,21780,0.49578428268432617,5,42,mask,8,0.3
4,0.682741105556488,21780,21780,0.48169374465942383,5,42,mask,8,0.3
5,0.682741105556488,21780,21780,0.5735983848571777,5,42,mask,8,0.3
