num_clients,num_layers,layer_dim,mean_mse,layer_mse_0,layer_mse_1,layer_mse_2
8,3,256,2.1230479011376648e-19,2.035512653492724e-19,1.9100100293515304e-19,2.4236210205687407e-19
