mode,final_acc,mean_train_loss,mean_train_acc,conv_round_acc>=0.90,avg_client_time_s,avg_server_agg_time_s,total_bytes_up,total_bytes_total
none,0.9949238300323486,0.2736203902165004,,12,0.5794727087020874,0.0020512104034423446,435600,871200
mask,1.0,0.2619055724259953,,8,0.595259141921997,0.0008015394210815049,435600,871200
ckks,1.0,0.28127935348036004,,11,0.5494176745414734,0.020306766033172555,435600,871200
