mode,auc,attack_acc,mean_train_loss,mean_nontrain_loss
none,0.5502,0.5775,0.5884552597999573,0.5948649644851685
mask,0.557025,0.5675,0.6677387356758118,0.6756790280342102
ckks,0.547175,0.5625,0.7658287286758423,0.7737522721290588
