mode,rounds,final_acc,mean_acc,total_bytes_up,total_bytes_down,avg_bytes_up_per_round,avg_bytes_down_per_round,mean_round_time_s,total_round_time_s,overhead_vs_none,MIA_auc,MIA_attack_acc,mean_train_loss,mean_nontrain_loss
none,20,0.9949238300323486,0.8067258894443512,435600,435600,21780.0,21780.0,0.5815239191055298,11.630478382110596,1.0,0.5502,0.5775,0.5884552597999573,0.5948649644851685
mask,20,1.0,0.8527918756008148,435600,435600,21780.0,21780.0,0.5960606813430787,11.921213626861572,1.024997703034999,0.557025,0.5675,0.6677387356758118,0.6756790280342102
ckks,20,1.0,0.8201776593923569,435600,435600,21780.0,21780.0,0.569724440574646,11.39448881149292,0.9797093840111802,0.547175,0.5625,0.7658287286758423,0.7737522721290588
